Height,Weight,Score,Points,Index
169,100,62,10,35.0127796645776
177,64,48,7,20.4283571132178
172,100,71,8,33.802055164954
,56,48,8,
158,81,,7,32.4467232815254
162,88,75,1,33.531473860692
177,55,63,6,17.5556193941715
151,94,68,7,41.2262620060524
,56,43,5,
161,73,83,8,28.1624937309517
182,87,79,7,26.2649438473614
156,76,78,1,
177,79,42,4,25.2162533116282
170,84,71,4,29.0657439446367
164,,39,8,
186,80,96,7,23.1240605850387
,60,51,7,
182,84,37,1,25.3592561284869
186,,79,5,0